use GameStore;
GO

-- Insert data into the Categories table
INSERT INTO Categories (CategoryID, CategoryName)
VALUES 
(1, 'Action'),
(2, 'Adventure'),
(3, 'RPG'),
(4, 'Simulation'),
(5, 'Strategy'),
(6, 'Sports'),
(7, 'Puzzle');
GO

-- Insert data into the Games table
INSERT INTO Games (GameID, Title, CategoryID, Price, ReleaseDate)
VALUES
    (1, 'It Takes Two', 2, 39.99, '2021-03-26'),
    (2, 'Grand Theft Auto V', 1, 29.99, '2013-09-17'),
    (3, 'PUBG: Battlegrounds', 1, 29.99, '2017-12-20'),
    (4, 'Call of Duty: Modern Warfare II', 1, 69.99, '2022-10-28'),
    (5, 'The Witcher 3: Wild Hunt', 3, 39.99, '2015-05-18'),
    (6, 'Cyberpunk 2077', 3, 59.99, '2020-12-10'),
    (7, 'Elden Ring', 3, 59.99, '2022-02-25'),
    (8, 'Dark Souls III', 3, 59.99, '2016-04-12'),
    (9, 'Divinity: Original Sin 2', 3, 44.99, '2017-09-14'),
    (10, 'Stardew Valley', 4, 14.99, '2016-02-26'),
    (11, 'The Sims 4', 4, 19.99, '2014-09-02'),
    (12, 'Cities: Skylines', 4, 29.99, '2015-03-10'),
    (13, 'Factorio', 4, 30.00, '2020-09-25'),
    (14, 'Planet Zoo', 4, 44.99, '2019-11-05'),
    (15, 'Sid Meier’s Civilization VI', 5, 59.99, '2016-10-21'),
    (16, 'Age of Empires IV', 5, 59.99, '2021-10-28'),
    (17, 'XCOM 2', 5, 59.99, '2016-02-05'),
    (18, 'Total War: Warhammer III', 5, 59.99, '2022-02-17'),
    (19, 'Rocket League', 6, 19.99, '2015-07-07'),
    (20, 'FIFA 24', 6, 59.99, '2023-09-29'),
    (21, 'NBA 2K24', 6, 59.99, '2023-09-08'),
    (22, 'Madden NFL 24', 6, 59.99, '2023-08-18'),
    (23, 'Portal 2', 7, 9.99, '2011-04-19'),
    (24, 'The Witness', 7, 39.99, '2016-01-26'),
    (25, 'Baba Is You', 7, 14.99, '2019-03-13'),
    (26, 'Tetris Effect: Connected', 7, 39.99, '2020-11-10'),
    (27, 'Human: Fall Flat', 7, 19.99, '2016-07-22'),
    (28, 'Limbo', 7, 9.99, '2010-07-21'),
    (29, 'Inside', 7, 19.99, '2016-06-29'),
    (30, 'Little Nightmares', 7, 19.99, '2017-04-28'),
    (31, 'Horizon Zero Dawn', 2, 49.99, '2020-08-07'),
    (32, 'Red Dead Redemption 2', 2, 59.99, '2018-10-26'),
    (33, 'Assassin’s Creed Valhalla', 2, 59.99, '2020-11-10'),
    (34, 'Rainbow Six Siege', 1, 19.99, '2015-12-01'),
    (35, 'A Plague Tale: Requiem', 2, 49.99, '2022-10-18'),
    (36, 'Uncharted: Legacy of Thieves', 2, 49.99, '2022-10-19'),
    (37, 'Far Cry 6', 2, 59.99, '2021-10-07'),
    (38, 'Tomb Raider', 2, 19.99, '2013-03-05'),
    (39, 'Sea of Thieves', 2, 39.99, '2018-03-20'),
    (40, 'The Last of Us Part I', 2, 69.99, '2022-09-02'),
    (41, 'Frostpunk', 5, 29.99, '2018-04-24'),
    (42, 'Dwarf Fortress', 5, 29.99, '2022-12-06'),
    (43, 'Anno 1800', 5, 59.99, '2019-04-16'),
    (44, 'Crusader Kings III', 5, 49.99, '2020-09-01'),
    (45, 'Company of Heroes 3', 5, 59.99, '2023-02-23'),
    (46, 'Football Manager 2024', 4, 49.99, '2023-11-06'),
    (47, 'Euro Truck Simulator 2', 4, 19.99, '2012-10-19'),
    (48, 'PowerWash Simulator', 4, 24.99, '2021-07-14'),
    (49, 'House Flipper', 4, 24.99, '2018-05-17'),
    (50, 'Planet Coaster', 4, 44.99, '2016-11-17'),
    (51, 'Tony Hawk’s Pro Skater 1+2', 6, 39.99, '2020-09-04'),
    (52, 'WWE 2K23', 6, 59.99, '2023-03-17'),
    (53, 'F1 23', 6, 59.99, '2023-06-16'),
    (54, 'Skater XL', 6, 39.99, '2020-07-28'),
    (55, 'OlliOlli World', 6, 29.99, '2022-02-08'),
    (56, 'Mass Effect Legendary Edition', 3, 59.99, '2021-05-14'),
    (57, 'Dragon Age: Inquisition', 3, 39.99, '2014-11-18'),
    (58, 'Baldur’s Gate 3', 3, 59.99, '2023-08-03'),
    (59, 'Path of Exile', 3, 19.99, '2013-10-23'),
    (60, 'Monster Hunter: World', 3, 59.99, '2018-01-26');
GO

-- Insert sample data into the Customers table
INSERT INTO Customers (CustomerID, FirstName, LastName, UserName, Email)
VALUES 
(1, 'John', 'Dalloware', 'jdoe1234', 'john.dalloware@gmail.com'),
(2, 'Jane', 'Smith', 'janey_smith56', 'jane.smith@gmail.com'),
(3, 'Alice', 'Johnson', 'alice_rocks007', 'alice.johnson@gmail.com'),
(4, 'Bob', 'Brown', 'bobbyB_987', 'bob.brown@gmail.com'),
(5, 'Charlie', 'Davis', 'charlieD21', 'charlie.davis@gmail.com'),
(6, 'David', 'Wilson', 'davidW_333', 'david.wilson@gmail.com'),
(7, 'Eve', 'Miller', 'eve_queen42', 'eve.miller@gmail.com'),
(8, 'Frank', 'Moore', 'frankm_89', 'frank.moore@gmail.com'),
(9, 'Grace', 'Taylor', 'gracita27', 'grace.taylor@gmail.com'),
(10, 'Hank', 'Anderson', 'hank_the_legend', 'hank.anderson@gmail.com'),
(11, 'Ivy', 'Thomas', 'ivy_tom@12', 'ivy.thomas@gmail.com'),
(12, 'Jack', 'White', 'jackW_56', 'jack.white@gmail.com'),
(13, 'Karen', 'Harris', 'karen_h@77', 'karen.harris@gmail.com'),
(14, 'Leo', 'Martin', 'leo.martin2000', 'leo.martin@gmail.com'),
(15, 'Mia', 'Clark', 'miac_34', 'mia.clark@gmail.com'),
(16, 'Noah', 'Lewis', 'noahL_88', 'noah.lewis@gmail.com'),
(17, 'Olivia', 'Walker', 'olivia_walker99', 'olivia.walker@gmail.com'),
(18, 'Paul', 'Hall', 'paulH_123', 'paul.hall@gmail.com'),
(19, 'Quinn', 'Allen', 'quinnall45', 'quinn.allen@gmail.com'),
(20, 'Rachel', 'Young', 'rachel_young101', 'rachel.young@gmail.com'),
(21, 'Sam', 'King', 'samking567', 'sam.king@gmail.com'),
(22, 'Tina', 'Wright', 'tina_wright78', 'tina.wright@gmail.com'),
(23, 'Uma', 'Scott', 'uma_999', 'uma.scott@gmail.com'),
(24, 'Victor', 'Green', 'victorgreen88', 'victor.green@gmail.com'),
(25, 'Wendy', 'Adams', 'wendy_adams2022', 'wendy.adams@gmail.com'),
(26, 'Xander', 'Baker', 'xanderb123', 'xander.baker@gmail.com'),
(27, 'Yara', 'Gonzalez', 'yaragonz57', 'yara.gonzalez@gmail.com'),
(28, 'Zane', 'Nelson', 'zane_nelson6', 'zane.nelson@gmail.com'),
(29, 'Liam', 'Hughes', 'liam.hughes4', 'liam.hughes@gmail.com'),
(30, 'Emma', 'Roberts', 'emma_roberts99', 'emma.roberts@gmail.com'),
(31, 'Sophia', 'Clark', 'sophia_c24', 'sophia.clark@gmail.com'),
(32, 'Mason', 'Lewis', 'masonlewis_23', 'mason.lewis@gmail.com'),
(33, 'Isabella', 'Walker', 'bella_walker11', 'isabella.walker@gmail.com'),
(34, 'Lucas', 'Hall', 'lucas_hall_007', 'lucas.hall@gmail.com'),
(35, 'Mia', 'Allen', 'mia_allen123', 'mia.allen@gmail.com'),
(36, 'Ethan', 'Young', 'ethan_young456', 'ethan.young@gmail.com'),
(37, 'Ava', 'King', 'ava_king2023', 'ava.king@gmail.com'),
(38, 'James', 'Wright', 'james_wright88', 'james.wright@gmail.com'),
(39, 'Charlotte', 'Scott', 'charlottes99', 'charlotte.scott@gmail.com'),
(40, 'Benjamin', 'Green', 'ben_green_777', 'benjamin.green@gmail.com'),
(41, 'Amelia', 'Adams', 'amelia_adams123', 'amelia.adams@gmail.com'),
(42, 'Henry', 'Baker', 'henrybaker_44', 'henry.baker@gmail.com'),
(43, 'Evelyn', 'Gonzalez', 'evelyng_12', 'evelyn.gonzalez@gmail.com'),
(44, 'Alexander', 'Nelson', 'alex_nelson007', 'alexander.nelson@gmail.com'),
(45, 'Harper', 'Hughes', 'harper_hughes_25', 'harper.hughes@gmail.com'),
(46, 'Michael', 'Roberts', 'michael_roberts22', 'michael.roberts@gmail.com'),
(47, 'Ella', 'Clark', 'ella_clark35', 'ella.clark@gmail.com'),
(48, 'Daniel', 'Lewis', 'daniel_42', 'daniel.lewis@gmail.com'),
(49, 'Sofia', 'Walker', 'sofia_walker56', 'sofia.walker@gmail.com'),
(50, 'Matthew', 'Hall', 'matthew_hall2000', 'matthew.hall@gmail.com');
GO
